City_ID,City,Lat,Lng,Max Temp,Humidity,Cloudiness,Wind Speed,Country,Date
0,zhob,31.3411,69.4481,21.13,17,1,1.56,PK,1698331289
1,yellowknife,62.456,-114.3525,-1.71,86,100,5.14,CA,1698331021
2,ilulissat,69.2167,-51.1,0.01,64,75,7.2,GL,1698331293
3,iqaluit,63.7506,-68.5145,-4.15,79,100,6.17,CA,1698331295
4,puerto natales,-51.7236,-72.4875,5.25,65,40,9.77,CL,1698331298
5,qaqortoq,60.7167,-46.0333,1.59,47,86,2.71,GL,1698331300
6,albany,42.6001,-73.9662,19.26,66,76,0.47,US,1698331302
7,waitangi,-43.9535,-176.5597,14.34,91,95,3.58,NZ,1698331304
8,licheng,23.2955,113.8284,24.15,75,28,0.32,CN,1698331306
9,srivardhan,18.0333,73.0167,26.79,70,98,3.35,IN,1698331308
10,bethel,41.3712,-73.414,21.67,62,0,0.0,US,1698331310
11,papatowai,-46.5619,169.4708,2.98,76,100,8.41,NZ,1698331312
12,yallahs,17.8748,-76.5624,30.85,72,38,5.32,JM,1698331314
13,havre,49.5833,0.3333,15.67,82,75,3.6,FR,1698331305
14,haiku-pauwela,20.9219,-156.3051,23.36,77,0,2.57,US,1698331319
15,hawaiian paradise park,19.5933,-154.9731,23.35,98,75,1.54,US,1698331321
16,kibaya,-5.3,36.5667,25.38,40,74,5.31,TZ,1698331323
17,san patricio,28.017,-97.5169,28.92,82,94,6.23,US,1698331325
18,devils lake,48.1128,-98.8651,-2.01,94,100,9.26,US,1698331327
19,sharkawshchyna,55.3713,27.4706,-0.09,96,100,6.3,BY,1698331329
20,middelburg,-25.7751,29.4648,29.51,19,0,3.75,ZA,1698331332
21,marsh harbour,26.5412,-77.0636,26.1,61,96,9.56,BS,1698331334
22,las tablas,7.7667,-80.2833,27.17,81,100,2.3,PA,1698331336
23,adamstown,-25.066,-130.1015,22.16,81,73,6.58,PN,1698331338
24,invercargill,-46.4,168.35,4.45,81,100,4.02,NZ,1698331340
25,tiksi,71.6872,128.8694,-9.25,89,100,3.15,RU,1698331342
26,pico truncado,-46.7949,-67.9573,12.75,34,69,8.35,AR,1698331344
27,yeppoon,-23.1333,150.7333,18.88,87,22,2.53,AU,1698331347
28,margaret river,-33.95,115.0667,12.71,75,34,6.46,AU,1698331349
29,peniche,39.3558,-9.3811,20.06,83,100,7.78,PT,1698331351
30,kapa'a,22.0752,-159.319,22.99,80,0,3.6,US,1698331353
31,collie,-33.3667,116.15,8.7,97,33,1.75,AU,1698331355
32,el nido,11.1858,119.3956,28.0,78,5,2.14,PH,1698331357
33,port-aux-francais,-49.35,70.2167,1.76,81,100,11.69,TF,1698331360
34,odienne,9.51,-7.5692,34.19,35,58,1.62,CI,1698331364
35,new norfolk,-42.7826,147.0587,7.73,87,80,0.99,AU,1698331366
36,popondetta,-8.7537,148.2534,22.93,92,100,1.07,PG,1698331368
37,blackmans bay,-43.0167,147.3167,7.07,78,99,2.94,AU,1698331370
38,bredasdorp,-34.5322,20.0403,21.38,58,1,6.63,ZA,1698331372
39,thompson,55.7435,-97.8558,-3.91,86,100,2.57,CA,1698331374
40,grytviken,-54.2811,-36.5092,2.24,97,100,6.94,GS,1698331377
41,edinburgh of the seven seas,-37.0676,-12.3116,12.03,59,93,2.77,SH,1698331379
42,utrik,11.2278,169.8474,27.66,77,33,4.44,MH,1698331381
43,port augusta,-32.5,137.7667,11.12,60,0,3.18,AU,1698331383
44,aasiaat,68.7098,-52.8699,-1.59,95,100,2.32,GL,1698331385
45,greenville,35.6127,-77.3663,23.4,83,0,0.0,US,1698331255
46,luderitz,-26.6481,15.1594,19.83,65,5,7.3,NA,1698331389
47,lihue,21.9789,-159.3672,22.58,80,0,3.6,US,1698331391
48,isafjordur,66.0755,-23.124,3.02,81,40,0.0,IS,1698331394
49,toliara,-23.35,43.6667,24.45,61,0,7.44,MG,1698331396
50,stanley,54.868,-1.6985,10.77,95,75,3.6,GB,1698331398
51,vilyuysk,63.7553,121.6247,-11.9,96,68,1.74,RU,1698331400
52,port mathurin,-19.6833,63.4167,24.7,79,32,6.7,MU,1698331402
53,macas,-2.3167,-78.1167,24.86,73,75,2.57,EC,1698331407
54,newman,37.3138,-121.0208,11.13,86,2,1.79,US,1698331253
55,quellon,-43.1167,-73.6167,11.03,79,100,4.04,CL,1698331411
56,makubetsu,45.3714,141.8211,11.57,87,100,4.92,JP,1698331413
57,nagato,34.3833,131.2,18.42,78,0,4.48,JP,1698331418
58,kone,-21.0595,164.8658,21.92,96,98,1.69,NC,1698331420
59,mahdia,35.5047,11.0622,26.97,45,11,2.6,TN,1698331422
60,fort bragg,35.139,-79.006,24.9,79,0,0.45,US,1698331424
61,comodoro rivadavia,-45.8667,-67.5,17.92,32,20,13.38,AR,1698331357
62,nova sintra,14.8667,-24.7167,24.63,79,100,10.04,CV,1698331430
63,lingig,8.0389,126.4125,25.84,89,90,1.77,PH,1698331432
64,iskateley,67.6803,53.1512,-8.32,97,88,1.34,RU,1698331435
65,yelizovo,53.1873,158.3805,4.89,92,0,3.13,RU,1698331437
66,dudinka,69.4058,86.1778,-12.96,99,89,1.34,RU,1698331439
67,kapuskasing,49.4169,-82.4331,1.0,100,100,3.09,CA,1698331262
68,christchurch,-43.5333,172.6333,10.11,67,5,4.12,NZ,1698331173
69,la sarre,48.8002,-79.1996,4.02,86,100,2.68,CA,1698331445
70,carnarvon,-24.8667,113.6333,20.5,78,6,10.39,AU,1698331448
71,broome,42.2506,-75.833,19.69,62,75,3.09,US,1698331450
72,les sables-d'olonne,46.6667,-1.8333,15.44,87,100,8.64,FR,1698331452
73,hounde,11.5,-3.5167,35.8,25,100,0.52,BF,1698331454
74,ushuaia,-54.8,-68.3,2.81,81,75,13.89,AR,1698331456
75,luanda,-8.8368,13.2343,29.0,65,20,8.23,AO,1698331459
76,upington,-28.4478,21.2561,42.21,4,40,5.66,ZA,1698331461
77,longyearbyen,78.2186,15.6401,-5.09,86,75,4.12,SJ,1698331463
78,uturoa,-16.7333,-151.4333,26.08,80,100,4.62,PF,1698331465
79,kodiak,57.79,-152.4072,6.73,70,100,4.63,US,1698331467
80,talnakh,69.4865,88.3972,-14.94,96,79,1.91,RU,1698331470
81,kapit,2.0167,112.9333,23.61,99,100,0.33,MY,1698331472
82,bilibino,68.0546,166.4372,-12.91,97,100,0.83,RU,1698331474
83,coquimbo,-29.9533,-71.3436,13.85,88,100,2.57,CL,1698331476
84,saipan,15.1355,145.701,28.39,89,40,3.09,MP,1698331478
85,puerto ayora,-0.7393,-90.3518,25.98,90,87,4.02,EC,1698331480
86,cono norte,-16.3166,-71.5829,17.03,25,0,2.06,PE,1698331482
87,alto araguaia,-17.3147,-53.2153,34.41,34,65,3.56,BR,1698331484
88,nowy tomysl,52.3195,16.1284,12.36,94,100,2.57,PL,1698331487
89,ad dabbah,18.05,30.95,37.12,12,0,0.94,SD,1698331489
90,saldanha,-33.0117,17.9442,22.03,74,25,5.1,ZA,1698331491
91,hermanus,-34.4187,19.2345,18.06,76,0,5.91,ZA,1698331493
92,udachny,66.4167,112.4,-9.75,85,98,1.23,RU,1698331497
93,tazacorte,28.629,-17.9293,24.54,82,75,5.66,ES,1698331499
94,zyryanovsk,49.7386,84.2719,6.48,85,100,0.82,KZ,1698331503
95,ribeira grande,38.5167,-28.7,19.32,59,40,3.6,PT,1698331505
96,tazovsky,67.4667,78.7,-11.81,93,67,3.06,RU,1698331507
97,gilgit,35.9221,74.3087,14.34,41,25,0.92,PK,1698331509
98,lone grove,34.1754,-97.2628,20.33,99,100,3.09,US,1698331511
99,tura,25.5198,90.2201,20.36,82,0,0.87,IN,1698331221
100,yuzhno-kurilsk,44.0306,145.8556,11.32,87,21,2.74,RU,1698331516
101,virginia beach,36.8529,-75.978,21.7,77,20,3.09,US,1698331272
102,general conesa,-40.1,-64.4333,28.36,21,0,9.85,AR,1698331520
103,west island,-12.1568,96.8225,25.99,83,75,7.72,CC,1698331522
104,angaur state,6.906,134.13,28.48,78,96,5.41,PW,1698331524
105,el porvenir,13.7617,-87.3458,26.63,70,100,0.34,HN,1698331527
106,chonchi,-42.6128,-73.8092,13.95,79,100,1.21,CL,1698331529
107,misratah,32.3754,15.0925,24.8,66,2,3.95,LY,1698331531
108,ta`u,-14.2336,-169.5144,26.33,78,97,7.88,AS,1698331533
109,aswan,24.0934,32.907,37.61,13,0,2.57,EG,1698331535
110,port alfred,-33.5906,26.891,23.43,78,98,2.68,ZA,1698331537
111,barcelos,41.5388,-8.6151,19.08,82,72,5.14,PT,1698331539
112,remire-montjoly,4.9167,-52.2667,33.02,52,75,4.12,GF,1698331541
113,evans,33.5337,-82.1307,22.91,79,0,0.45,US,1698331544
114,wailua homesteads,22.0669,-159.378,22.24,79,0,3.6,US,1698331546
115,opuwo,-18.0607,13.84,35.14,13,57,7.6,NA,1698331548
116,siwa oasis,29.2041,25.5195,29.37,29,100,2.14,EG,1698331550
117,keflavik,64.0049,-22.5624,8.95,81,0,3.09,IS,1698331552
118,nyurba,63.2842,118.3319,-7.64,92,100,1.85,RU,1698331554
119,geraldton,-28.7667,114.6,18.23,77,100,6.17,AU,1698331556
120,nuuk,64.1835,-51.7216,0.34,80,40,8.23,GL,1698331558
121,suzun,53.7841,82.3116,3.8,74,100,6.96,RU,1698331561
122,pohrebyshche,49.4864,29.2636,13.79,78,100,3.18,UA,1698331563
123,suklayin,15.7574,121.5503,25.08,94,51,0.32,PH,1698331565
124,shakawe,-18.3667,21.85,37.7,14,83,2.33,BW,1698331567
125,avarua,-21.2078,-159.775,21.03,68,75,4.12,CK,1698331570
126,constantia,44.1833,28.65,23.38,63,100,3.68,RO,1698331574
127,alice springs,-23.7,133.8833,12.75,22,0,3.09,AU,1698331556
128,mana,5.6592,-53.7767,31.55,56,91,5.39,GF,1698331578
129,nili,33.7218,66.1302,15.11,45,85,1.84,AF,1698331580
130,harper,4.375,-7.7169,27.52,79,58,3.56,LR,1698331583
131,polovinnoye,54.7914,65.9864,-2.93,73,11,7.38,RU,1698331585
132,kodinsk,58.6881,99.1844,6.91,84,100,2.36,RU,1698331587
133,sosnovo-ozerskoye,52.5249,111.5418,-2.36,76,28,2.31,RU,1698331589
134,mejit,10.2753,170.8646,28.06,77,48,5.05,MH,1698331591
135,delacombe,-37.5891,143.8147,6.52,78,34,1.34,AU,1698331593
136,college,64.8569,-147.8028,-11.03,86,40,0.0,US,1698331481
137,knysna,-34.0363,23.0471,21.68,64,50,2.66,ZA,1698331598
138,fortuna,40.5982,-124.1573,7.19,98,0,4.63,US,1698331600
139,codrington,-38.2667,141.9667,8.31,76,31,4.3,AU,1698331602
140,baro,8.6,6.4167,34.52,39,54,0.36,NG,1698331604
141,tongchuanshi,35.0806,109.0897,15.42,35,78,1.85,CN,1698331606
142,port elizabeth,-33.918,25.5701,24.16,64,0,3.09,ZA,1698331609
143,olonkinbyen,70.9221,-8.7187,-0.27,78,57,1.32,SJ,1698331611
144,ust-nera,64.5667,143.2,-17.97,91,99,1.17,RU,1698331613
145,humaita,-7.5061,-63.0208,38.55,33,91,1.95,BR,1698331615
146,meadow lakes,61.6247,-149.6011,1.77,93,0,0.0,US,1698331617
147,nantucket,41.2835,-70.0995,21.72,77,0,5.66,US,1698331588
148,khanty-mansiysk,61.0042,69.0019,-4.94,86,40,2.0,RU,1698331521
149,afaahiti,-17.75,-149.2833,23.93,81,95,2.53,PF,1698331624
150,gadzhiyevo,69.2551,33.3362,-3.49,94,100,3.94,RU,1698331626
151,dwarka,22.2394,68.9678,27.83,69,3,4.79,IN,1698331632
152,georgetown,5.4112,100.3354,27.23,92,40,4.12,MY,1698331606
153,"las vegas, santa barbara",36.175,-115.1372,18.01,44,0,7.6,US,1698331571
154,hadibu,12.65,54.0333,27.33,80,25,4.35,YE,1698331639
155,la passe,45.5549,-0.8967,14.45,91,100,8.06,FR,1698331641
156,masuguru,-11.3667,38.4167,34.73,30,71,2.72,TZ,1698331643
157,mil'kovo,55.6078,37.7956,0.03,57,100,5.86,RU,1698331645
158,shimoda,34.6667,138.95,18.17,61,98,2.78,JP,1698331647
159,leyva solano,25.6667,-108.6417,19.42,63,0,1.24,MX,1698331650
160,jilin,43.0,126.0,2.12,30,0,1.98,CN,1698331652
161,chibougamau,49.9168,-74.3659,1.79,93,100,2.06,CA,1698331654
162,ilebo,-4.3167,20.5833,24.4,95,100,1.56,CD,1698331656
163,north bend,43.4065,-124.2243,6.59,93,40,4.63,US,1698331391
164,howard springs,-12.497,131.047,29.95,78,27,1.6,AU,1698331660
165,vernon,50.2581,-119.2691,-0.95,60,100,0.0,CA,1698331516
166,wenling,28.3669,121.36,20.02,91,99,1.04,CN,1698331508
167,acarau,-2.8856,-40.12,31.51,51,60,7.18,BR,1698331667
168,fuling,29.7022,107.3919,16.51,96,100,1.23,CN,1698331669
169,kirakira,-10.4544,161.9205,25.94,83,100,2.56,SB,1698331671
170,kavaratti,10.5669,72.642,28.8,71,42,3.79,IN,1698331673
171,rongelap,11.1635,166.8941,27.81,69,100,5.67,MH,1698331675
172,jamestown,42.097,-79.2353,21.37,56,92,4.02,US,1698331531
173,buka,40.8108,69.1986,16.99,55,70,2.92,UZ,1698331679
174,danielskuil,-28.1887,23.5395,33.9,6,3,6.58,ZA,1698331681
175,jianguang,28.1938,115.7836,20.81,84,96,1.97,CN,1698331684
176,narayanpet,16.7333,77.5,22.64,45,5,4.76,IN,1698331686
177,yoloten,37.2989,62.3597,22.28,36,38,4.34,TM,1698331690
178,n'dalatando,-9.2978,14.9116,25.19,67,100,1.35,AO,1698331692
179,dryden,49.7833,-92.7503,0.16,100,100,5.14,CA,1698331694
180,fort st. john,56.2499,-120.8529,-5.06,80,100,4.63,CA,1698331431
181,nar'yan-mar,67.6713,53.087,-8.27,97,89,1.34,RU,1698331703
182,xunchang,28.4543,104.715,15.37,90,100,0.34,CN,1698331705
183,adrar,20.5022,-10.0711,36.63,12,72,4.42,MR,1698331707
184,altai,46.3722,96.2583,3.27,31,15,2.76,MN,1698331709
185,tralee,52.2704,-9.7026,13.14,88,40,3.09,IE,1698331711
186,margate,51.3813,1.3862,15.5,75,14,0.89,GB,1698331714
187,pacific grove,36.6177,-121.9166,11.06,86,0,1.54,US,1698331716
188,son la,21.3167,103.9,19.88,96,78,1.23,VN,1698331718
189,lagoa,39.05,-27.9833,17.97,62,100,7.42,PT,1698331720
190,punta arenas,-53.15,-70.9167,6.01,75,40,7.2,CL,1698331691
191,vorgashor,67.5833,63.95,-12.03,97,100,0.37,RU,1698331724
192,dzilam gonzalez,21.2833,-88.9333,29.46,58,23,3.87,MX,1698331726
193,lorengau,-2.0226,147.2712,26.49,80,99,2.34,PG,1698331729
194,castillos,-34.1667,-53.8333,17.28,49,0,3.55,UY,1698331731
195,vadso,70.0744,29.7487,-1.51,93,75,1.54,NO,1698331733
196,lata,40.1629,-8.3327,18.37,95,100,3.24,PT,1698331735
197,andovoranto,-18.95,49.1,25.44,85,47,4.78,MG,1698331737
198,guerrero negro,27.9769,-114.0611,18.76,73,27,5.07,MX,1698331462
199,badger,64.8,-147.5333,-11.07,89,0,0.0,US,1698331741
200,east london,-33.0153,27.9116,25.52,69,0,6.17,ZA,1698331743
201,crane,31.3974,-102.3501,20.05,40,0,2.1,US,1698331746
202,tamazulapam villa del progreso,17.6806,-97.5689,18.07,77,96,1.66,MX,1698331748
203,susuman,62.7833,148.1667,-24.07,99,59,0.49,RU,1698331750
204,urangan,-25.3,152.9,21.32,90,50,4.14,AU,1698331752
205,sangkhla buri,15.1555,98.4536,23.25,98,100,0.8,TH,1698331754
206,javea,38.7833,0.1667,26.85,54,100,3.58,ES,1698331756
207,klyuchi,52.2667,79.1667,1.87,70,95,8.82,RU,1698331758
208,kisangani,0.5167,25.2,24.41,94,98,1.81,CD,1698331761
209,boguchany,58.3814,97.4531,7.14,67,100,4.02,RU,1698331763
210,lufilufi,-13.8745,-171.5986,24.88,77,100,7.29,WS,1698331765
211,kill devil hills,36.0307,-75.676,21.66,77,0,1.54,US,1698331628
212,shingu,33.7333,135.9833,14.25,66,79,2.77,JP,1698331769
213,alupka,44.4167,34.05,19.14,81,100,3.07,UA,1698331771
214,fale old settlement,-9.3852,-171.2468,27.92,79,100,5.98,TK,1698331774
215,ghadamis,30.1337,9.5007,30.56,19,0,3.4,LY,1698331778
216,manta,-0.95,-80.7333,26.88,74,75,4.63,EC,1698331780
217,bako,5.7833,36.5667,21.12,76,100,1.59,ET,1698331782
218,bankim,6.083,11.4905,27.31,63,99,0.44,CM,1698331784
219,durban,-29.8579,31.0292,24.51,82,18,7.33,ZA,1698331542
220,kolwezi,-10.7148,25.4667,28.22,36,81,0.49,CD,1698331789
221,ruiz,21.95,-105.15,24.24,75,1,1.2,MX,1698331791
222,mount pearl,47.5166,-52.7813,12.75,96,100,5.14,CA,1698331602
223,ribeira brava,32.65,-17.0667,27.06,80,96,5.01,PT,1698331795
224,tambacounda,13.7539,-13.7586,38.75,21,94,2.81,SN,1698331797
225,ancud,-41.8697,-73.8203,11.01,79,50,3.61,CL,1698331799
226,thinadhoo,0.5333,72.9333,27.17,82,100,7.28,MV,1698331801
227,gizo,-8.103,156.8419,26.59,80,100,0.61,SB,1698331804
228,traiguen,-38.25,-72.6833,14.8,57,100,2.36,CL,1698331806
229,uglegorsk,49.0833,142.0333,10.33,76,100,3.05,RU,1698331808
230,phek,25.6667,94.5,11.63,99,4,0.39,IN,1698331810
231,hami,42.8,93.45,15.59,25,0,3.13,CN,1698331812
232,cambria,35.5641,-121.0808,12.01,98,6,0.89,US,1698331814
233,usogorsk,63.4106,48.6872,-3.52,83,100,4.51,RU,1698331819
234,boa vista,2.8197,-60.6733,31.99,55,0,4.63,BR,1698331823
235,yaren,-0.5472,166.916,28.69,72,35,3.43,NR,1698331825
236,portland,45.5234,-122.6762,7.5,94,100,1.54,US,1698331624
237,othello,46.826,-119.1753,2.19,88,27,0.48,US,1698331829
238,'ain el hadjar,34.7585,0.1453,23.63,22,56,7.36,DZ,1698331833
239,sitka,57.0531,-135.33,3.94,56,0,1.54,US,1698331836
240,la'ie,21.6477,-157.9253,22.98,74,82,0.44,US,1698331838
241,cidade velha,14.9167,-23.6167,31.26,55,75,10.8,CV,1698331840
242,puerto armuelles,8.2833,-82.8667,27.87,84,100,0.45,PA,1698331842
243,woolgoolga,-30.1106,153.2007,15.02,89,100,9.3,AU,1698331844
244,kailua-kona,19.6406,-155.9956,24.77,74,0,3.13,US,1698331846
245,majene,-3.5403,118.9707,26.31,81,71,1.57,ID,1698331848
246,anadyr,64.75,177.4833,0.28,100,75,4.0,RU,1698331850
247,ulsteinvik,62.3432,5.8487,9.62,59,48,0.45,NO,1698331853
248,yerofey pavlovich,53.9667,121.9667,-4.05,49,76,1.04,RU,1698331855
249,vetlanda,57.4289,15.0776,5.59,97,100,3.43,SE,1698331857
250,leua,48.2156,18.6071,18.05,68,82,1.91,SK,1698331861
251,oroqen zizhiqi,50.5667,123.7167,-2.69,42,4,1.22,CN,1698331863
252,al jawf,29.5,38.75,27.93,25,0,2.95,SA,1698331865
253,east ballina,-28.8667,153.5833,16.56,92,100,5.3,AU,1698331867
254,kerikeri,-35.2268,173.9474,16.62,89,77,0.89,NZ,1698331870
255,progreso,21.2833,-89.6667,28.95,66,12,5.37,MX,1698331872
256,weno,7.4515,151.8468,28.82,73,79,3.77,FM,1698331874
257,cidreira,-30.1811,-50.2056,19.47,60,62,3.71,BR,1698331876
258,galliano,29.4422,-90.2992,28.0,69,75,4.12,US,1698331881
259,dalhart,36.0595,-102.5133,14.16,81,0,2.06,US,1698331587
260,mudurnu,40.473,31.2076,16.79,69,100,1.77,TR,1698331885
261,enewetak,11.3474,162.3373,28.69,79,83,6.16,MH,1698331887
262,prince george,53.9166,-122.753,-3.75,70,0,5.66,CA,1698331889
263,san rafael,-34.6177,-68.3301,23.92,31,0,2.49,AR,1698331836
264,taiyuan,37.8694,112.5603,8.92,40,0,2.0,CN,1698331894
265,arraial do cabo,-22.9661,-42.0278,23.98,83,75,3.6,BR,1698331896
266,whitehorse,60.7161,-135.0538,-8.99,85,0,1.34,CA,1698331898
267,moose jaw,50.4001,-105.5344,-8.86,79,100,3.09,CA,1698331900
268,borogontsy,62.6683,131.1683,-13.74,100,98,0.72,RU,1698331902
269,gisborne,-38.6533,178.0042,17.48,68,100,6.07,NZ,1698331659
270,banjarmasin,-3.3244,114.591,26.08,78,47,1.94,ID,1698331404
271,kayangel,8.0823,134.7173,28.57,71,52,1.62,PW,1698331909
272,bandar abbas,27.1865,56.2808,27.99,61,100,3.09,IR,1698331911
273,nemuro,43.3236,145.575,12.54,80,60,2.54,JP,1698331913
274,vilyuchinsk,52.9306,158.4028,4.96,80,3,4.58,RU,1698331915
275,tobetsu,43.2169,141.5169,12.28,94,95,2.38,JP,1698331917
276,xilin hot,43.9667,116.0333,5.95,41,16,3.34,CN,1698331919
277,xiahu,26.6106,119.9483,21.17,92,100,3.38,CN,1698331921
278,vila franca do campo,37.7167,-25.4333,19.93,99,100,4.0,PT,1698331926
279,vredendal,-31.6683,18.5012,22.39,41,92,7.72,ZA,1698331928
280,petropavlovsk-kamchatsky,53.0452,158.6483,4.14,78,0,3.0,RU,1698331930
281,mahina,-17.5065,-149.489,24.87,83,100,1.54,PF,1698331932
282,abra pampa,-22.7205,-65.697,15.71,11,18,0.79,AR,1698331934
283,guatire,10.4762,-66.5427,28.68,76,100,0.4,VE,1698331936
284,santa cruz,-17.8,-63.1667,22.7,94,75,1.03,BO,1698331938
285,rabigh,22.7986,39.0349,31.48,58,0,2.43,SA,1698331943
286,qui nhon,13.7667,109.2333,25.89,87,6,1.56,VN,1698331903
287,khandyga,62.6667,135.6,-7.96,97,100,0.82,RU,1698331947
288,priob'ye,62.5206,65.5964,-4.47,82,99,7.17,RU,1698331949
289,machico,32.7,-16.7667,27.06,78,40,3.09,PT,1698331951
290,ghanzi,-21.5667,21.7833,38.25,7,23,5.59,BW,1698331953
291,queenstown,-31.8976,26.8753,31.84,12,100,4.23,ZA,1698331681
292,tuni,17.35,82.55,25.66,79,81,1.04,IN,1698331958
293,birendranagar,28.6019,81.6339,17.74,69,0,1.89,NP,1698331960
294,ormara,25.2088,64.6357,27.49,77,87,7.21,PK,1698331962
295,zhongshu,24.5167,103.7667,16.69,92,100,1.61,CN,1698331964
296,sandnessjoen,66.0217,12.6316,4.12,70,20,2.06,NO,1698331966
297,berdigestyakh,62.0989,126.6992,-16.21,100,92,1.5,RU,1698331968
298,borovichi,58.3878,33.9155,0.57,63,100,4.92,RU,1698331970
299,sisimiut,66.9395,-53.6735,-1.17,79,78,8.79,GL,1698331972
300,gladstone,-23.85,151.25,23.96,60,40,2.06,AU,1698331975
301,grand falls-windsor,48.9332,-55.6649,10.84,83,100,0.45,CA,1698331977
302,prince rupert,54.3161,-130.3201,7.83,58,0,3.6,CA,1698331979
303,winnemucca,40.973,-117.7357,-3.97,86,0,3.6,US,1698331930
304,aripuana,-9.1667,-60.6333,34.52,42,99,0.98,BR,1698331983
305,pisco,-13.7,-76.2167,20.57,83,100,1.54,PE,1698331985
306,mont-dore,-22.2833,166.5833,21.99,96,97,3.31,NC,1698331987
307,oulad teima,30.3947,-9.209,24.6,40,4,5.26,MA,1698331990
308,kidal,18.4411,1.4078,36.5,7,95,5.97,ML,1698331992
309,orapa,-21.2833,25.3667,37.99,12,3,4.28,BW,1698331994
310,troitsko-pechorsk,62.7084,56.1964,-4.06,93,100,2.24,RU,1698331996
311,varnamo,57.186,14.04,5.83,93,100,3.83,SE,1698331998
312,moyynkum,44.2914,72.9469,10.72,48,100,3.76,KZ,1698332000
313,amalapuram,16.5833,82.0167,26.35,75,95,1.33,IN,1698332002
314,byron bay,-28.65,153.6167,16.51,92,99,3.51,AU,1698332005
315,lompoc,34.6391,-120.4579,13.34,87,20,4.02,US,1698332007
316,xining,36.6167,101.7667,7.98,61,72,0.93,CN,1698332009
317,molina,-35.1167,-71.2833,20.21,49,0,2.57,CL,1698332011
318,hovd,48.0056,91.6419,7.86,31,100,3.97,MN,1698331806
319,muroto-misakicho,33.2833,134.15,20.71,57,13,3.1,JP,1698332019
320,mamuju,-2.6748,118.8885,25.96,85,76,1.85,ID,1698332022
321,dapa,9.7594,126.0531,27.54,81,20,3.35,PH,1698332024
322,le port,-20.9373,55.2919,27.0,95,10,4.33,RE,1698332026
323,okha,53.5739,142.9478,6.93,96,100,9.6,RU,1698332028
324,midvagur,62.0511,-7.1939,9.46,76,75,7.72,FO,1698332030
325,colonia,50.9333,6.95,13.4,80,75,4.63,DE,1698331930
326,elverum,60.8819,11.5623,2.03,73,99,0.76,NO,1698332034
327,westport,41.1415,-73.3579,22.37,64,0,2.57,US,1698331781
328,bandarbeyla,9.4942,50.8122,27.07,81,100,3.45,SO,1698332038
329,glen innes,-29.7333,151.7333,8.16,88,75,2.11,AU,1698332041
330,ghat,24.9647,10.1728,33.9,11,6,4.06,LY,1698332043
331,jianshui,23.6363,102.8264,18.37,89,83,1.5,CN,1698332045
332,haguenau,48.8156,7.7905,16.05,66,100,0.89,FR,1698332047
333,sylvan lake,52.3168,-114.0853,-11.47,89,100,4.12,CA,1698332049
334,saint-pierre,-21.3393,55.4781,26.82,74,0,4.63,RE,1698332051
335,ocean shores,46.9737,-124.1563,5.57,94,100,2.06,US,1698332053
336,qom,34.6401,50.8764,23.39,25,36,3.84,IR,1698332055
337,an nuhud,12.7,28.4333,36.08,20,100,3.83,SD,1698332058
338,aykhal,66.0,111.5,-12.67,100,97,1.13,RU,1698332060
339,novokhopersk,51.0969,41.6252,-0.98,97,100,7.37,RU,1698332062
340,smithers,54.7804,-127.1743,-9.82,92,0,2.06,CA,1698332064
341,namibe,-15.1961,12.1522,22.16,69,34,5.98,AO,1698332062
342,laojunmiao,39.8333,97.7333,8.95,22,0,2.3,CN,1698332068
343,minas de marcona,-15.2119,-75.1103,18.72,64,63,3.9,PE,1698332071
344,pavilosta,56.8879,21.1859,1.95,84,100,7.36,LV,1698332073
345,st. john's,47.5649,-52.7093,13.21,96,100,5.14,CA,1698331950
346,puerto baquerizo moreno,-0.9,-89.6,25.55,73,75,1.03,EC,1698332077
347,santana,-0.0583,-51.1817,32.1,58,20,5.14,BR,1698331865
348,bardai,11.65,7.2333,33.75,14,63,0.57,NG,1698332081
349,sho'rchi,38.0141,67.7899,21.47,32,33,2.7,UZ,1698332083
350,acajutla,13.5928,-89.8275,28.34,72,100,1.28,SV,1698332085
351,mili,6.0815,171.735,28.13,79,60,4.72,MH,1698332090
352,hammerfest,70.6634,23.6821,-0.75,86,75,2.06,NO,1698332092
353,hanzhong,33.0728,107.0303,17.96,59,100,0.29,CN,1698332094
354,cockburn town,21.4612,-71.1419,27.94,60,71,7.78,TC,1698332096
355,hirara,24.8,125.2833,23.15,88,75,2.57,JP,1698332098
356,sheridan,44.8333,-106.9173,-7.79,86,100,2.06,US,1698332100
357,revda,56.801,59.9303,-5.99,86,79,4.93,RU,1698332103
358,cabugao,17.7931,120.4578,25.63,89,100,1.6,PH,1698332105
359,palikir - national government center,6.9248,158.1611,24.41,94,75,1.54,FM,1698332107
360,punto fijo,11.6956,-70.1996,28.44,71,97,2.19,VE,1698332109
361,springs,-26.25,28.4,33.09,44,1,3.87,ZA,1698332112
362,urzhar,47.093,81.6294,13.57,84,100,6.39,KZ,1698332114
363,horta,38.5333,-28.6333,18.9,66,40,3.6,PT,1698332116
364,atafu village,-8.5421,-172.5159,28.12,77,100,5.47,TK,1698332118
365,bubaque,11.2833,-15.8333,28.41,78,47,4.61,GW,1698332120
366,ciudad madero,22.2667,-97.8333,26.11,94,75,0.0,MX,1698332123
367,axim,4.8699,-2.2405,28.17,73,72,3.64,GH,1698332125
368,kruisfontein,-34.0033,24.7314,22.8,52,90,3.28,ZA,1698332129
369,brookings,44.3114,-96.7984,11.0,100,100,2.06,US,1698331830
370,mizdah,31.4451,12.9801,27.86,23,60,6.63,LY,1698332133
371,lebu,-37.6167,-73.65,13.22,72,100,6.65,CL,1698332135
372,vanino,49.0869,140.2543,7.18,62,97,4.23,RU,1698332137
373,agadez,19.75,10.25,33.06,10,4,4.82,NE,1698332140
374,mitsamiouli,-11.3847,43.2844,27.01,83,9,2.84,KM,1698332142
375,guingamp,48.4167,-3.3333,14.31,72,100,5.15,FR,1698332144
376,chul'man,56.8479,124.9104,-20.42,100,72,0.77,RU,1698332146
377,guaratinga,-16.5667,-39.5667,36.17,37,24,4.06,BR,1698332148
378,starodub,52.5844,32.7633,1.59,95,100,5.04,RU,1698332150
379,malvan,16.0667,73.4667,27.9,66,5,4.45,IN,1698332152
380,i-n-salah,27.1935,2.4607,35.76,15,0,2.44,DZ,1698332154
381,parauapebas,-6.0675,-49.9022,29.99,69,40,0.0,BR,1698332016
382,kavieng,-2.5744,150.7967,26.85,82,100,4.03,PG,1698332159
383,dunedin,-45.8742,170.5036,4.89,82,100,5.36,NZ,1698332163
384,mahajanga,-15.7167,46.3167,30.01,70,20,7.2,MG,1698332165
385,valparaiso,-33.0393,-71.6273,17.22,69,100,2.57,CL,1698332167
386,kolondieba,11.0882,-6.8926,37.33,22,100,1.77,ML,1698332169
387,holualoa,19.6228,-155.9522,22.7,72,0,3.13,US,1698332172
388,st ives,50.2086,-5.4875,15.0,94,20,6.69,GB,1698332176
389,rio grande,-32.035,-52.0986,21.06,60,13,3.73,BR,1698332178
390,grivita,44.7333,27.2833,22.06,44,39,3.56,RO,1698332180
391,nouadhibou,20.931,-17.0347,35.99,21,10,8.23,MR,1698332182
392,amga,60.8953,131.9608,-11.53,99,100,0.8,RU,1698332184
393,salinopolis,-0.6136,-47.3561,29.27,66,88,4.94,BR,1698332186
394,santa terezinha,-29.9002,-50.0904,19.52,61,85,3.67,BR,1698332189
395,ashchysay,43.5542,68.8889,5.51,58,100,2.07,KZ,1698332191
396,hamilton,39.1834,-84.5333,19.41,76,100,4.12,US,1698331750
397,antofagasta,-23.65,-70.4,18.6,63,22,3.75,CL,1698332195
398,golfito,8.639,-83.166,25.18,91,100,0.55,CR,1698332197
399,prado,-17.3411,-39.2208,29.17,69,65,8.48,BR,1698332199
400,trincomalee,8.5711,81.2335,28.0,69,58,3.44,LK,1698332201
401,molchanovo,57.5817,83.7692,1.46,83,96,5.86,RU,1698332204
402,worthington,40.0931,-83.018,20.13,71,0,3.6,US,1698332206
403,kourou,5.1552,-52.6478,33.03,52,76,4.97,GF,1698332210
404,polyarnyy,69.1989,33.4478,-3.09,93,100,3.99,RU,1698332212
405,merizo village,13.2658,144.6691,28.31,95,27,3.05,GU,1698332214
406,banda aceh,5.5577,95.3222,26.96,81,85,4.75,ID,1698332216
407,bath,51.3779,-2.3591,16.88,78,14,3.24,GB,1698331961
408,bantay,17.5847,120.3892,26.42,85,100,1.39,PH,1698332220
409,kendari,-3.945,122.4989,22.63,88,38,0.59,ID,1698332223
410,awjilah,29.1081,21.2869,31.42,19,92,1.66,LY,1698332225
411,saynshand,44.8824,110.1163,9.61,20,4,2.94,MN,1698332227
412,quepos,9.4236,-84.1652,26.02,85,100,0.78,CR,1698332229
413,umea,63.8284,20.2597,1.96,80,40,2.06,SE,1698332231
414,bayganin,48.6947,55.8742,0.55,42,66,2.86,KZ,1698332233
415,saverne,48.8333,7.25,15.07,82,100,5.71,FR,1698332235
416,bamboo flat,11.7,92.7167,27.05,89,40,0.51,IN,1698332238
417,tamiahua,21.2667,-97.45,27.28,83,79,3.65,MX,1698332240
418,isla vista,34.4133,-119.861,15.56,79,0,0.45,US,1698332033
419,mersa matruh,31.3525,27.2453,26.11,69,75,3.6,EG,1698332244
420,okhotsk,59.3833,143.3,-6.8,83,100,2.48,RU,1698332246
421,ma'rib,15.4591,45.3253,28.32,39,100,4.66,YE,1698332248
422,cabo san lucas,22.8909,-109.9124,24.86,51,0,1.34,MX,1698331828
423,namdrik,5.5994,168.1028,28.26,74,87,3.57,MH,1698332252
424,mount isa,-20.7333,139.5,21.87,13,0,6.17,AU,1698332254
425,salta,-24.7859,-65.4117,21.43,70,75,2.24,AR,1698332257
426,curuca,-0.7289,-47.8481,33.17,46,56,3.88,BR,1698332259
427,gazojak,41.1875,61.4036,15.7,38,100,3.99,TM,1698332261
428,puerto deseado,-47.7503,-65.8938,10.29,45,100,10.25,AR,1698332263
429,ola,59.5833,151.2833,-4.06,64,13,2.72,RU,1698332265
430,berezhani,49.45,24.9333,13.49,82,100,2.96,UA,1698332267
431,belmonte,-15.8631,-38.8828,28.64,71,75,6.08,BR,1698332269
432,hue,16.4667,107.6,26.06,94,75,1.54,VN,1698332271
433,kenai,60.5544,-151.2583,-6.95,93,0,2.57,US,1698332274
434,praia,14.9215,-23.5087,31.3,55,75,10.8,CV,1698332105
435,conceicao da barra,-18.5933,-39.7322,29.99,65,92,4.63,BR,1698332173
436,itagi,-14.1628,-40.0061,34.25,36,100,1.94,BR,1698332280
437,khovd,48.0056,91.6419,7.86,31,100,3.97,MN,1698332282
438,hasaki,35.7333,140.8333,13.22,61,35,1.57,JP,1698332284
439,san andres,12.5847,-81.7006,31.01,74,40,2.06,CO,1698331999
440,antonio enes,-16.2325,39.9086,26.96,80,0,4.67,MZ,1698332288
441,trairi,-3.2778,-39.2689,31.15,52,45,5.69,BR,1698332122
442,kingston,17.997,-76.7936,30.53,71,75,2.06,JM,1698332045
443,joshimath,30.5667,79.5667,12.34,65,27,2.03,IN,1698332297
444,moab,38.5733,-109.5498,16.03,36,100,1.79,US,1698332271
445,muntok,-2.0667,105.1833,27.9,73,37,5.21,ID,1698332301
446,happy valley-goose bay,53.3168,-60.3315,6.17,81,75,5.66,CA,1698332005
447,dawesville,30.9224,-84.0091,25.38,71,0,2.24,US,1698332305
448,mirador,-6.3708,-44.3631,38.25,25,16,2.88,BR,1698332307
449,hacienda huancane,-15.8222,-70.8856,10.57,25,100,1.09,PE,1698332310
450,erenhot,43.6475,111.9767,9.86,24,4,3.55,CN,1698332312
451,takhatgarh,25.3333,73.0,27.12,19,0,1.68,IN,1698332314
452,torbeyevo,54.0797,43.2473,-0.8,61,100,5.21,RU,1698332316
453,dalandzadgad,43.5708,104.425,8.64,28,0,3.12,MN,1698332318
454,danilov,58.1908,40.1717,-3.38,80,41,2.03,RU,1698332320
455,itapolis,-21.5956,-48.8128,34.14,38,83,4.77,BR,1698332245
456,muravlenko,63.7898,74.523,-6.54,93,100,7.48,RU,1698332324
457,keta,5.9179,0.9879,30.12,75,70,5.6,GH,1698332327
458,san juan,-31.5375,-68.5364,24.26,38,0,1.4,AR,1698332252
459,pearsall,28.8922,-99.095,26.88,78,24,4.13,US,1698332331
460,victoria point,-27.5833,153.3,20.51,88,99,3.84,AU,1698332333
461,buy,58.4786,41.53,-2.72,71,15,1.96,RU,1698332335
462,kamaishi,39.2667,141.8833,13.97,83,37,1.61,JP,1698332337
463,bangassou,4.7413,22.8184,26.35,73,75,2.42,CF,1698332339
464,pochaiv,50.0051,25.5118,12.46,83,100,3.32,UA,1698332341
465,luganville,-15.5333,167.1667,25.05,90,100,2.19,VU,1698332343
466,labrador city,52.9463,-66.9114,-0.05,86,75,2.57,CA,1698332345
467,two rivers,44.1539,-87.5693,19.37,98,100,3.6,US,1698332348
468,petukhovo,55.0692,67.9019,-3.5,78,65,7.72,RU,1698332350
469,lyantor,61.6195,72.1555,-4.49,94,100,5.5,RU,1698332352
470,salekhard,66.53,66.6019,-9.2,89,100,2.06,RU,1698332354
471,lazaro cardenas,17.9583,-102.2,26.15,80,72,1.47,MX,1698332356
472,novodvinsk,64.4165,40.8122,-1.23,83,100,2.94,RU,1698332358
473,shahrak,34.1074,64.3052,9.87,61,93,1.34,AF,1698332360
474,santo antonio,-6.3106,-35.4789,34.5,34,32,6.67,BR,1698332362
475,ust-tsilma,65.441,52.1498,-2.99,95,100,2.68,RU,1698332365
476,sao joao da barra,-21.6403,-41.0511,29.05,81,40,4.71,BR,1698332367
477,kostanay,53.1667,63.5833,-1.84,80,75,4.0,KZ,1698332334
478,mahdishahr,35.7108,53.3556,15.52,41,66,1.71,IR,1698332371
479,tamanrasset,22.785,5.5228,31.95,9,0,1.03,DZ,1698332373
480,chateaubourg,48.1112,-1.4002,14.84,90,100,3.47,FR,1698332375
481,tual,-5.6667,132.75,27.06,78,64,7.13,ID,1698332377
482,porto novo,6.4965,2.6036,29.9,65,74,4.52,BJ,1698332379
483,posto fiscal rolim de moura,-13.0833,-62.2667,31.15,52,100,0.67,BR,1698332381
484,akureyri,65.6835,-18.0878,0.96,80,0,1.54,IS,1698332384
485,onguday,50.75,86.15,6.81,71,69,2.19,RU,1698332386
486,bel ombre,-4.6167,55.4167,27.91,83,40,3.6,SC,1698332388
487,korla,41.7597,86.1469,13.48,33,73,1.76,CN,1698332390
488,boyolangu,-8.1181,111.8935,24.86,90,36,1.31,ID,1698332392
489,fort morgan,40.2503,-103.8,4.68,100,85,5.14,US,1698332394
490,gunjur,13.2019,-16.7339,32.04,70,75,2.57,GM,1698332396
491,cold lake,54.4502,-110.2017,-9.03,92,75,3.6,CA,1698332398
492,katsuura,35.1333,140.3,18.45,58,94,1.08,JP,1698332401
493,baiao,-2.7906,-49.6717,36.84,32,17,2.51,BR,1698332404
494,bilajer,40.5681,50.0378,18.9,77,0,0.0,AZ,1698332407
495,morada nova,-5.1067,-38.3725,38.59,21,37,2.77,BR,1698332410
496,tsiombe,-25.3,45.4833,22.26,55,50,4.92,MG,1698332412
497,tete,-16.1564,33.5867,37.05,34,40,5.36,MZ,1698332414
498,praia da vitoria,38.7333,-27.0667,20.14,60,20,5.23,PT,1698332417
499,axum,14.1245,38.7244,14.46,92,100,3.66,ET,1698332420
500,bafilo,9.35,1.2667,33.1,28,38,2.07,TG,1698332423
501,bac lieu,9.285,105.7244,25.88,86,11,1.38,VN,1698332427
502,nchelenge,-9.3451,28.734,28.67,60,93,2.71,ZM,1698332429
503,tobarra,38.5921,-1.6919,19.32,67,100,10.93,ES,1698332435
504,fasa,28.9383,53.6482,23.58,31,40,4.12,IR,1698332438
505,port moresby,-9.4431,147.1797,25.68,89,75,3.09,PG,1698332440
506,gaspe,48.8334,-64.4819,9.95,100,100,0.0,CA,1698332443
507,sola,-13.8833,167.55,25.8,82,97,0.76,VU,1698332445
508,la gi,10.6667,107.7833,24.99,90,10,1.43,VN,1698332447
509,luwuk,-0.9516,122.7875,25.47,50,100,2.33,ID,1698332449
510,port-vila,-17.7338,168.3219,25.44,87,100,6.52,VU,1698332451
511,santa luzia,-19.7697,-43.8514,30.99,49,40,2.06,BR,1698332454
512,sakaiminato,35.55,133.2333,14.99,88,40,2.57,JP,1698332456
513,carry-le-rouet,43.3314,5.1524,22.88,60,0,8.23,FR,1698332458
514,thunder bay,48.4001,-89.3168,3.99,81,100,5.66,CA,1698332428
515,talen,23.5667,76.7167,23.28,30,0,1.95,IN,1698332462
516,ostrovskoye,57.8057,42.2433,-3.18,78,31,1.91,RU,1698332466
517,severo-yeniseyskiy,60.3725,93.0408,0.88,97,100,2.68,RU,1698332470
518,juan de ayolas,-27.4,-56.9,24.06,50,32,3.29,PY,1698332472
519,tocopilla,-22.092,-70.1979,20.13,69,16,2.47,CL,1698332475
520,riachao das neves,-11.7461,-44.91,37.41,23,71,2.64,BR,1698332477
521,patterson,37.4716,-121.1297,10.03,81,0,3.36,US,1698332479
522,tarko-sale,64.9225,77.785,-6.81,91,100,7.45,RU,1698332484
523,soio,-6.1349,12.3689,26.68,80,65,5.51,AO,1698332486
524,ngama,11.7833,17.1667,37.54,12,15,2.11,TD,1698332488
525,obo,5.3998,26.4869,25.84,82,69,1.82,CF,1698332491
526,dauphin,51.1494,-100.0502,-3.92,74,100,2.57,CA,1698332495
527,al kharj,24.155,47.3346,30.32,33,24,2.91,SA,1698332497
528,rio preto da eva,-2.6994,-59.6997,37.98,32,46,2.27,BR,1698332499
529,correntina,-13.3433,-44.6367,34.56,30,94,0.72,BR,1698332501
530,darwin,-12.4611,130.8418,29.99,72,20,2.57,AU,1698332506
531,san-pedro,4.7485,-6.6363,28.3,74,38,3.27,CI,1698332509
532,general acha,-37.377,-64.6043,25.03,37,0,7.23,AR,1698332511
533,gore,-46.1028,168.9436,0.75,99,100,2.84,NZ,1698332411
534,aral,40.5156,81.2636,16.45,22,100,1.31,CN,1698332515
535,dunda,-8.1167,34.25,30.7,27,91,2.97,TZ,1698332518
536,sengiley,53.9622,48.7944,0.99,76,41,2.3,RU,1698332520
537,essaouira,31.5125,-9.77,26.72,53,2,5.66,MA,1698332522
538,terenozek,45.05,64.9833,8.56,45,100,2.91,KZ,1698332524
539,las trojes,14.0667,-85.9833,24.02,79,99,1.57,HN,1698332527
540,ketchikan,55.3422,-131.6461,7.99,60,0,1.54,US,1698332529
541,ouahigouya,13.5828,-2.4216,37.19,16,94,2.31,BF,1698332481
542,jieyang,23.5289,116.3642,23.96,87,16,0.71,CN,1698332534
543,jiangmen,22.5833,113.0833,27.21,81,29,1.67,CN,1698332536
544,inhambane,-23.865,35.3833,25.99,54,20,7.2,MZ,1698332281
545,luba,3.4568,8.5547,28.94,78,99,0.83,GQ,1698332542
546,antsohihy,-14.8796,47.9875,28.72,69,27,4.33,MG,1698332546
547,dire,12.2833,-10.9667,35.63,30,94,0.6,ML,1698332548
548,tabou,4.423,-7.3528,27.6,78,31,3.69,CI,1698332550
549,shenjiamen,29.9576,122.298,19.76,87,97,0.54,CN,1698332553
550,big spring,32.2504,-101.4787,19.57,70,0,3.6,US,1698332555
551,koryazhma,61.3143,47.1691,-2.27,84,38,2.46,RU,1698332558
552,fredericton,45.9454,-66.6656,18.24,78,82,0.61,CA,1698332060
553,benguela,-12.5763,13.4055,24.51,79,100,3.88,AO,1698332562
554,sidi ifni,29.3797,-10.173,27.86,80,4,3.44,MA,1698332564
555,guichon,-32.35,-57.2,20.36,41,45,2.7,UY,1698332479
556,huanggang,23.677,116.9996,23.94,88,18,0.78,CN,1698332568
